video_id,expected_path
P01_102,/share/project/galbot-Hotel-Model/ego-data/epic_kitchens/3h91syskeag572hl6tvuovwv4d/videos/train/P01/P01_102.MP4
P01_103,/share/project/galbot-Hotel-Model/ego-data/epic_kitchens/3h91syskeag572hl6tvuovwv4d/videos/train/P01/P01_103.MP4
P01_104,/share/project/galbot-Hotel-Model/ego-data/epic_kitchens/3h91syskeag572hl6tvuovwv4d/videos/train/P01/P01_104.MP4
P01_105,/share/project/galbot-Hotel-Model/ego-data/epic_kitchens/3h91syskeag572hl6tvuovwv4d/videos/train/P01/P01_105.MP4
P01_106,/share/project/galbot-Hotel-Model/ego-data/epic_kitchens/3h91syskeag572hl6tvuovwv4d/videos/train/P01/P01_106.MP4
P01_107,/share/project/galbot-Hotel-Model/ego-data/epic_kitchens/3h91syskeag572hl6tvuovwv4d/videos/train/P01/P01_107.MP4
P01_108,/share/project/galbot-Hotel-Model/ego-data/epic_kitchens/3h91syskeag572hl6tvuovwv4d/videos/train/P01/P01_108.MP4
P01_109,/share/project/galbot-Hotel-Model/ego-data/epic_kitchens/3h91syskeag572hl6tvuovwv4d/videos/train/P01/P01_109.MP4
P02_101,/share/project/galbot-Hotel-Model/ego-data/epic_kitchens/3h91syskeag572hl6tvuovwv4d/videos/train/P02/P02_101.MP4
P02_102,/share/project/galbot-Hotel-Model/ego-data/epic_kitchens/3h91syskeag572hl6tvuovwv4d/videos/train/P02/P02_102.MP4
P02_103,/share/project/galbot-Hotel-Model/ego-data/epic_kitchens/3h91syskeag572hl6tvuovwv4d/videos/train/P02/P02_103.MP4
P02_104,/share/project/galbot-Hotel-Model/ego-data/epic_kitchens/3h91syskeag572hl6tvuovwv4d/videos/train/P02/P02_104.MP4
P02_105,/share/project/galbot-Hotel-Model/ego-data/epic_kitchens/3h91syskeag572hl6tvuovwv4d/videos/train/P02/P02_105.MP4
P02_107,/share/project/galbot-Hotel-Model/ego-data/epic_kitchens/3h91syskeag572hl6tvuovwv4d/videos/train/P02/P02_107.MP4
P02_108,/share/project/galbot-Hotel-Model/ego-data/epic_kitchens/3h91syskeag572hl6tvuovwv4d/videos/train/P02/P02_108.MP4
P02_109,/share/project/galbot-Hotel-Model/ego-data/epic_kitchens/3h91syskeag572hl6tvuovwv4d/videos/train/P02/P02_109.MP4
P02_110,/share/project/galbot-Hotel-Model/ego-data/epic_kitchens/3h91syskeag572hl6tvuovwv4d/videos/train/P02/P02_110.MP4
P02_111,/share/project/galbot-Hotel-Model/ego-data/epic_kitchens/3h91syskeag572hl6tvuovwv4d/videos/train/P02/P02_111.MP4
P02_112,/share/project/galbot-Hotel-Model/ego-data/epic_kitchens/3h91syskeag572hl6tvuovwv4d/videos/train/P02/P02_112.MP4
P02_113,/share/project/galbot-Hotel-Model/ego-data/epic_kitchens/3h91syskeag572hl6tvuovwv4d/videos/train/P02/P02_113.MP4
P02_114,/share/project/galbot-Hotel-Model/ego-data/epic_kitchens/3h91syskeag572hl6tvuovwv4d/videos/train/P02/P02_114.MP4
P02_115,/share/project/galbot-Hotel-Model/ego-data/epic_kitchens/3h91syskeag572hl6tvuovwv4d/videos/train/P02/P02_115.MP4
P02_116,/share/project/galbot-Hotel-Model/ego-data/epic_kitchens/3h91syskeag572hl6tvuovwv4d/videos/train/P02/P02_116.MP4
P02_118,/share/project/galbot-Hotel-Model/ego-data/epic_kitchens/3h91syskeag572hl6tvuovwv4d/videos/train/P02/P02_118.MP4
P02_119,/share/project/galbot-Hotel-Model/ego-data/epic_kitchens/3h91syskeag572hl6tvuovwv4d/videos/train/P02/P02_119.MP4
P02_120,/share/project/galbot-Hotel-Model/ego-data/epic_kitchens/3h91syskeag572hl6tvuovwv4d/videos/train/P02/P02_120.MP4
P02_121,/share/project/galbot-Hotel-Model/ego-data/epic_kitchens/3h91syskeag572hl6tvuovwv4d/videos/train/P02/P02_121.MP4
P02_122,/share/project/galbot-Hotel-Model/ego-data/epic_kitchens/3h91syskeag572hl6tvuovwv4d/videos/train/P02/P02_122.MP4
P02_123,/share/project/galbot-Hotel-Model/ego-data/epic_kitchens/3h91syskeag572hl6tvuovwv4d/videos/train/P02/P02_123.MP4
P02_124,/share/project/galbot-Hotel-Model/ego-data/epic_kitchens/3h91syskeag572hl6tvuovwv4d/videos/train/P02/P02_124.MP4
P02_126,/share/project/galbot-Hotel-Model/ego-data/epic_kitchens/3h91syskeag572hl6tvuovwv4d/videos/train/P02/P02_126.MP4
P02_127,/share/project/galbot-Hotel-Model/ego-data/epic_kitchens/3h91syskeag572hl6tvuovwv4d/videos/train/P02/P02_127.MP4
P02_128,/share/project/galbot-Hotel-Model/ego-data/epic_kitchens/3h91syskeag572hl6tvuovwv4d/videos/train/P02/P02_128.MP4
P02_129,/share/project/galbot-Hotel-Model/ego-data/epic_kitchens/3h91syskeag572hl6tvuovwv4d/videos/train/P02/P02_129.MP4
P02_130,/share/project/galbot-Hotel-Model/ego-data/epic_kitchens/3h91syskeag572hl6tvuovwv4d/videos/train/P02/P02_130.MP4
P02_131,/share/project/galbot-Hotel-Model/ego-data/epic_kitchens/3h91syskeag572hl6tvuovwv4d/videos/train/P02/P02_131.MP4
P02_132,/share/project/galbot-Hotel-Model/ego-data/epic_kitchens/3h91syskeag572hl6tvuovwv4d/videos/train/P02/P02_132.MP4
P02_133,/share/project/galbot-Hotel-Model/ego-data/epic_kitchens/3h91syskeag572hl6tvuovwv4d/videos/train/P02/P02_133.MP4
P02_134,/share/project/galbot-Hotel-Model/ego-data/epic_kitchens/3h91syskeag572hl6tvuovwv4d/videos/train/P02/P02_134.MP4
P02_135,/share/project/galbot-Hotel-Model/ego-data/epic_kitchens/3h91syskeag572hl6tvuovwv4d/videos/train/P02/P02_135.MP4
P03_101,/share/project/galbot-Hotel-Model/ego-data/epic_kitchens/3h91syskeag572hl6tvuovwv4d/videos/train/P03/P03_101.MP4
P03_102,/share/project/galbot-Hotel-Model/ego-data/epic_kitchens/3h91syskeag572hl6tvuovwv4d/videos/train/P03/P03_102.MP4
P03_106,/share/project/galbot-Hotel-Model/ego-data/epic_kitchens/3h91syskeag572hl6tvuovwv4d/videos/train/P03/P03_106.MP4
P03_107,/share/project/galbot-Hotel-Model/ego-data/epic_kitchens/3h91syskeag572hl6tvuovwv4d/videos/train/P03/P03_107.MP4
P03_108,/share/project/galbot-Hotel-Model/ego-data/epic_kitchens/3h91syskeag572hl6tvuovwv4d/videos/train/P03/P03_108.MP4
P03_109,/share/project/galbot-Hotel-Model/ego-data/epic_kitchens/3h91syskeag572hl6tvuovwv4d/videos/train/P03/P03_109.MP4
P03_110,/share/project/galbot-Hotel-Model/ego-data/epic_kitchens/3h91syskeag572hl6tvuovwv4d/videos/train/P03/P03_110.MP4
P03_111,/share/project/galbot-Hotel-Model/ego-data/epic_kitchens/3h91syskeag572hl6tvuovwv4d/videos/train/P03/P03_111.MP4
P03_112,/share/project/galbot-Hotel-Model/ego-data/epic_kitchens/3h91syskeag572hl6tvuovwv4d/videos/train/P03/P03_112.MP4
P03_113,/share/project/galbot-Hotel-Model/ego-data/epic_kitchens/3h91syskeag572hl6tvuovwv4d/videos/train/P03/P03_113.MP4
P03_114,/share/project/galbot-Hotel-Model/ego-data/epic_kitchens/3h91syskeag572hl6tvuovwv4d/videos/train/P03/P03_114.MP4
P03_115,/share/project/galbot-Hotel-Model/ego-data/epic_kitchens/3h91syskeag572hl6tvuovwv4d/videos/train/P03/P03_115.MP4
P03_116,/share/project/galbot-Hotel-Model/ego-data/epic_kitchens/3h91syskeag572hl6tvuovwv4d/videos/train/P03/P03_116.MP4
P03_117,/share/project/galbot-Hotel-Model/ego-data/epic_kitchens/3h91syskeag572hl6tvuovwv4d/videos/train/P03/P03_117.MP4
P03_118,/share/project/galbot-Hotel-Model/ego-data/epic_kitchens/3h91syskeag572hl6tvuovwv4d/videos/train/P03/P03_118.MP4
P03_119,/share/project/galbot-Hotel-Model/ego-data/epic_kitchens/3h91syskeag572hl6tvuovwv4d/videos/train/P03/P03_119.MP4
P03_120,/share/project/galbot-Hotel-Model/ego-data/epic_kitchens/3h91syskeag572hl6tvuovwv4d/videos/train/P03/P03_120.MP4
P03_121,/share/project/galbot-Hotel-Model/ego-data/epic_kitchens/3h91syskeag572hl6tvuovwv4d/videos/train/P03/P03_121.MP4
P03_122,/share/project/galbot-Hotel-Model/ego-data/epic_kitchens/3h91syskeag572hl6tvuovwv4d/videos/train/P03/P03_122.MP4
P03_123,/share/project/galbot-Hotel-Model/ego-data/epic_kitchens/3h91syskeag572hl6tvuovwv4d/videos/train/P03/P03_123.MP4
P04_101,/share/project/galbot-Hotel-Model/ego-data/epic_kitchens/3h91syskeag572hl6tvuovwv4d/videos/train/P04/P04_101.MP4
P04_102,/share/project/galbot-Hotel-Model/ego-data/epic_kitchens/3h91syskeag572hl6tvuovwv4d/videos/train/P04/P04_102.MP4
P04_103,/share/project/galbot-Hotel-Model/ego-data/epic_kitchens/3h91syskeag572hl6tvuovwv4d/videos/train/P04/P04_103.MP4
P04_104,/share/project/galbot-Hotel-Model/ego-data/epic_kitchens/3h91syskeag572hl6tvuovwv4d/videos/train/P04/P04_104.MP4
P04_106,/share/project/galbot-Hotel-Model/ego-data/epic_kitchens/3h91syskeag572hl6tvuovwv4d/videos/train/P04/P04_106.MP4
P04_107,/share/project/galbot-Hotel-Model/ego-data/epic_kitchens/3h91syskeag572hl6tvuovwv4d/videos/train/P04/P04_107.MP4
P04_108,/share/project/galbot-Hotel-Model/ego-data/epic_kitchens/3h91syskeag572hl6tvuovwv4d/videos/train/P04/P04_108.MP4
P04_109,/share/project/galbot-Hotel-Model/ego-data/epic_kitchens/3h91syskeag572hl6tvuovwv4d/videos/train/P04/P04_109.MP4
P04_110,/share/project/galbot-Hotel-Model/ego-data/epic_kitchens/3h91syskeag572hl6tvuovwv4d/videos/train/P04/P04_110.MP4
P04_111,/share/project/galbot-Hotel-Model/ego-data/epic_kitchens/3h91syskeag572hl6tvuovwv4d/videos/train/P04/P04_111.MP4
P04_112,/share/project/galbot-Hotel-Model/ego-data/epic_kitchens/3h91syskeag572hl6tvuovwv4d/videos/train/P04/P04_112.MP4
P04_113,/share/project/galbot-Hotel-Model/ego-data/epic_kitchens/3h91syskeag572hl6tvuovwv4d/videos/train/P04/P04_113.MP4
P04_114,/share/project/galbot-Hotel-Model/ego-data/epic_kitchens/3h91syskeag572hl6tvuovwv4d/videos/train/P04/P04_114.MP4
P04_115,/share/project/galbot-Hotel-Model/ego-data/epic_kitchens/3h91syskeag572hl6tvuovwv4d/videos/train/P04/P04_115.MP4
P04_116,/share/project/galbot-Hotel-Model/ego-data/epic_kitchens/3h91syskeag572hl6tvuovwv4d/videos/train/P04/P04_116.MP4
P04_117,/share/project/galbot-Hotel-Model/ego-data/epic_kitchens/3h91syskeag572hl6tvuovwv4d/videos/train/P04/P04_117.MP4
P04_118,/share/project/galbot-Hotel-Model/ego-data/epic_kitchens/3h91syskeag572hl6tvuovwv4d/videos/train/P04/P04_118.MP4
P04_119,/share/project/galbot-Hotel-Model/ego-data/epic_kitchens/3h91syskeag572hl6tvuovwv4d/videos/train/P04/P04_119.MP4
P04_120,/share/project/galbot-Hotel-Model/ego-data/epic_kitchens/3h91syskeag572hl6tvuovwv4d/videos/train/P04/P04_120.MP4
P04_121,/share/project/galbot-Hotel-Model/ego-data/epic_kitchens/3h91syskeag572hl6tvuovwv4d/videos/train/P04/P04_121.MP4
P06_101,/share/project/galbot-Hotel-Model/ego-data/epic_kitchens/3h91syskeag572hl6tvuovwv4d/videos/train/P06/P06_101.MP4
P06_102,/share/project/galbot-Hotel-Model/ego-data/epic_kitchens/3h91syskeag572hl6tvuovwv4d/videos/train/P06/P06_102.MP4
P06_103,/share/project/galbot-Hotel-Model/ego-data/epic_kitchens/3h91syskeag572hl6tvuovwv4d/videos/train/P06/P06_103.MP4
P06_104,/share/project/galbot-Hotel-Model/ego-data/epic_kitchens/3h91syskeag572hl6tvuovwv4d/videos/train/P06/P06_104.MP4
P06_105,/share/project/galbot-Hotel-Model/ego-data/epic_kitchens/3h91syskeag572hl6tvuovwv4d/videos/train/P06/P06_105.MP4
P06_106,/share/project/galbot-Hotel-Model/ego-data/epic_kitchens/3h91syskeag572hl6tvuovwv4d/videos/train/P06/P06_106.MP4
P06_107,/share/project/galbot-Hotel-Model/ego-data/epic_kitchens/3h91syskeag572hl6tvuovwv4d/videos/train/P06/P06_107.MP4
P06_108,/share/project/galbot-Hotel-Model/ego-data/epic_kitchens/3h91syskeag572hl6tvuovwv4d/videos/train/P06/P06_108.MP4
P06_109,/share/project/galbot-Hotel-Model/ego-data/epic_kitchens/3h91syskeag572hl6tvuovwv4d/videos/train/P06/P06_109.MP4
P06_110,/share/project/galbot-Hotel-Model/ego-data/epic_kitchens/3h91syskeag572hl6tvuovwv4d/videos/train/P06/P06_110.MP4
P06_113,/share/project/galbot-Hotel-Model/ego-data/epic_kitchens/3h91syskeag572hl6tvuovwv4d/videos/train/P06/P06_113.MP4
P07_101,/share/project/galbot-Hotel-Model/ego-data/epic_kitchens/3h91syskeag572hl6tvuovwv4d/videos/train/P07/P07_101.MP4
P07_102,/share/project/galbot-Hotel-Model/ego-data/epic_kitchens/3h91syskeag572hl6tvuovwv4d/videos/train/P07/P07_102.MP4
P07_103,/share/project/galbot-Hotel-Model/ego-data/epic_kitchens/3h91syskeag572hl6tvuovwv4d/videos/train/P07/P07_103.MP4
P07_106,/share/project/galbot-Hotel-Model/ego-data/epic_kitchens/3h91syskeag572hl6tvuovwv4d/videos/train/P07/P07_106.MP4
P07_107,/share/project/galbot-Hotel-Model/ego-data/epic_kitchens/3h91syskeag572hl6tvuovwv4d/videos/train/P07/P07_107.MP4
P07_110,/share/project/galbot-Hotel-Model/ego-data/epic_kitchens/3h91syskeag572hl6tvuovwv4d/videos/train/P07/P07_110.MP4
P07_111,/share/project/galbot-Hotel-Model/ego-data/epic_kitchens/3h91syskeag572hl6tvuovwv4d/videos/train/P07/P07_111.MP4
P07_112,/share/project/galbot-Hotel-Model/ego-data/epic_kitchens/3h91syskeag572hl6tvuovwv4d/videos/train/P07/P07_112.MP4
P07_113,/share/project/galbot-Hotel-Model/ego-data/epic_kitchens/3h91syskeag572hl6tvuovwv4d/videos/train/P07/P07_113.MP4
P07_114,/share/project/galbot-Hotel-Model/ego-data/epic_kitchens/3h91syskeag572hl6tvuovwv4d/videos/train/P07/P07_114.MP4
P07_115,/share/project/galbot-Hotel-Model/ego-data/epic_kitchens/3h91syskeag572hl6tvuovwv4d/videos/train/P07/P07_115.MP4
P07_116,/share/project/galbot-Hotel-Model/ego-data/epic_kitchens/3h91syskeag572hl6tvuovwv4d/videos/train/P07/P07_116.MP4
P07_117,/share/project/galbot-Hotel-Model/ego-data/epic_kitchens/3h91syskeag572hl6tvuovwv4d/videos/train/P07/P07_117.MP4
P09_01,/share/project/galbot-Hotel-Model/ego-data/epic_kitchens/3h91syskeag572hl6tvuovwv4d/videos/train/P09/P09_01.MP4
P09_02,/share/project/galbot-Hotel-Model/ego-data/epic_kitchens/3h91syskeag572hl6tvuovwv4d/videos/train/P09/P09_02.MP4
P09_03,/share/project/galbot-Hotel-Model/ego-data/epic_kitchens/3h91syskeag572hl6tvuovwv4d/videos/train/P09/P09_03.MP4
P09_04,/share/project/galbot-Hotel-Model/ego-data/epic_kitchens/3h91syskeag572hl6tvuovwv4d/videos/train/P09/P09_04.MP4
P09_05,/share/project/galbot-Hotel-Model/ego-data/epic_kitchens/3h91syskeag572hl6tvuovwv4d/videos/train/P09/P09_05.MP4
P09_06,/share/project/galbot-Hotel-Model/ego-data/epic_kitchens/3h91syskeag572hl6tvuovwv4d/videos/train/P09/P09_06.MP4
P09_103,/share/project/galbot-Hotel-Model/ego-data/epic_kitchens/3h91syskeag572hl6tvuovwv4d/videos/train/P09/P09_103.MP4
P09_104,/share/project/galbot-Hotel-Model/ego-data/epic_kitchens/3h91syskeag572hl6tvuovwv4d/videos/train/P09/P09_104.MP4
P09_105,/share/project/galbot-Hotel-Model/ego-data/epic_kitchens/3h91syskeag572hl6tvuovwv4d/videos/train/P09/P09_105.MP4
P09_106,/share/project/galbot-Hotel-Model/ego-data/epic_kitchens/3h91syskeag572hl6tvuovwv4d/videos/train/P09/P09_106.MP4
P11_01,/share/project/galbot-Hotel-Model/ego-data/epic_kitchens/3h91syskeag572hl6tvuovwv4d/videos/train/P11/P11_01.MP4
P11_02,/share/project/galbot-Hotel-Model/ego-data/epic_kitchens/3h91syskeag572hl6tvuovwv4d/videos/train/P11/P11_02.MP4
P11_03,/share/project/galbot-Hotel-Model/ego-data/epic_kitchens/3h91syskeag572hl6tvuovwv4d/videos/train/P11/P11_03.MP4
P11_04,/share/project/galbot-Hotel-Model/ego-data/epic_kitchens/3h91syskeag572hl6tvuovwv4d/videos/train/P11/P11_04.MP4
P11_05,/share/project/galbot-Hotel-Model/ego-data/epic_kitchens/3h91syskeag572hl6tvuovwv4d/videos/train/P11/P11_05.MP4
P11_06,/share/project/galbot-Hotel-Model/ego-data/epic_kitchens/3h91syskeag572hl6tvuovwv4d/videos/train/P11/P11_06.MP4
P11_07,/share/project/galbot-Hotel-Model/ego-data/epic_kitchens/3h91syskeag572hl6tvuovwv4d/videos/train/P11/P11_07.MP4
P11_08,/share/project/galbot-Hotel-Model/ego-data/epic_kitchens/3h91syskeag572hl6tvuovwv4d/videos/train/P11/P11_08.MP4
P11_09,/share/project/galbot-Hotel-Model/ego-data/epic_kitchens/3h91syskeag572hl6tvuovwv4d/videos/train/P11/P11_09.MP4
P11_101,/share/project/galbot-Hotel-Model/ego-data/epic_kitchens/3h91syskeag572hl6tvuovwv4d/videos/train/P11/P11_101.MP4
P11_102,/share/project/galbot-Hotel-Model/ego-data/epic_kitchens/3h91syskeag572hl6tvuovwv4d/videos/train/P11/P11_102.MP4
P11_103,/share/project/galbot-Hotel-Model/ego-data/epic_kitchens/3h91syskeag572hl6tvuovwv4d/videos/train/P11/P11_103.MP4
P11_104,/share/project/galbot-Hotel-Model/ego-data/epic_kitchens/3h91syskeag572hl6tvuovwv4d/videos/train/P11/P11_104.MP4
P11_105,/share/project/galbot-Hotel-Model/ego-data/epic_kitchens/3h91syskeag572hl6tvuovwv4d/videos/train/P11/P11_105.MP4
P11_107,/share/project/galbot-Hotel-Model/ego-data/epic_kitchens/3h91syskeag572hl6tvuovwv4d/videos/train/P11/P11_107.MP4
P11_109,/share/project/galbot-Hotel-Model/ego-data/epic_kitchens/3h91syskeag572hl6tvuovwv4d/videos/train/P11/P11_109.MP4
P11_10,/share/project/galbot-Hotel-Model/ego-data/epic_kitchens/3h91syskeag572hl6tvuovwv4d/videos/train/P11/P11_10.MP4
P11_11,/share/project/galbot-Hotel-Model/ego-data/epic_kitchens/3h91syskeag572hl6tvuovwv4d/videos/train/P11/P11_11.MP4
P11_12,/share/project/galbot-Hotel-Model/ego-data/epic_kitchens/3h91syskeag572hl6tvuovwv4d/videos/train/P11/P11_12.MP4
P11_13,/share/project/galbot-Hotel-Model/ego-data/epic_kitchens/3h91syskeag572hl6tvuovwv4d/videos/train/P11/P11_13.MP4
P11_14,/share/project/galbot-Hotel-Model/ego-data/epic_kitchens/3h91syskeag572hl6tvuovwv4d/videos/train/P11/P11_14.MP4
P11_15,/share/project/galbot-Hotel-Model/ego-data/epic_kitchens/3h91syskeag572hl6tvuovwv4d/videos/train/P11/P11_15.MP4
P11_16,/share/project/galbot-Hotel-Model/ego-data/epic_kitchens/3h91syskeag572hl6tvuovwv4d/videos/train/P11/P11_16.MP4
P12_101,/share/project/galbot-Hotel-Model/ego-data/epic_kitchens/3h91syskeag572hl6tvuovwv4d/videos/train/P12/P12_101.MP4
P12_103,/share/project/galbot-Hotel-Model/ego-data/epic_kitchens/3h91syskeag572hl6tvuovwv4d/videos/train/P12/P12_103.MP4
P12_104,/share/project/galbot-Hotel-Model/ego-data/epic_kitchens/3h91syskeag572hl6tvuovwv4d/videos/train/P12/P12_104.MP4
P12_105,/share/project/galbot-Hotel-Model/ego-data/epic_kitchens/3h91syskeag572hl6tvuovwv4d/videos/train/P12/P12_105.MP4
P22_101,/share/project/galbot-Hotel-Model/ego-data/epic_kitchens/3h91syskeag572hl6tvuovwv4d/videos/train/P22/P22_101.MP4
P22_102,/share/project/galbot-Hotel-Model/ego-data/epic_kitchens/3h91syskeag572hl6tvuovwv4d/videos/train/P22/P22_102.MP4
P22_103,/share/project/galbot-Hotel-Model/ego-data/epic_kitchens/3h91syskeag572hl6tvuovwv4d/videos/train/P22/P22_103.MP4
P22_104,/share/project/galbot-Hotel-Model/ego-data/epic_kitchens/3h91syskeag572hl6tvuovwv4d/videos/train/P22/P22_104.MP4
P22_105,/share/project/galbot-Hotel-Model/ego-data/epic_kitchens/3h91syskeag572hl6tvuovwv4d/videos/train/P22/P22_105.MP4
P22_106,/share/project/galbot-Hotel-Model/ego-data/epic_kitchens/3h91syskeag572hl6tvuovwv4d/videos/train/P22/P22_106.MP4
P22_107,/share/project/galbot-Hotel-Model/ego-data/epic_kitchens/3h91syskeag572hl6tvuovwv4d/videos/train/P22/P22_107.MP4
P22_108,/share/project/galbot-Hotel-Model/ego-data/epic_kitchens/3h91syskeag572hl6tvuovwv4d/videos/train/P22/P22_108.MP4
P22_109,/share/project/galbot-Hotel-Model/ego-data/epic_kitchens/3h91syskeag572hl6tvuovwv4d/videos/train/P22/P22_109.MP4
P22_110,/share/project/galbot-Hotel-Model/ego-data/epic_kitchens/3h91syskeag572hl6tvuovwv4d/videos/train/P22/P22_110.MP4
P22_111,/share/project/galbot-Hotel-Model/ego-data/epic_kitchens/3h91syskeag572hl6tvuovwv4d/videos/train/P22/P22_111.MP4
P22_112,/share/project/galbot-Hotel-Model/ego-data/epic_kitchens/3h91syskeag572hl6tvuovwv4d/videos/train/P22/P22_112.MP4
P22_113,/share/project/galbot-Hotel-Model/ego-data/epic_kitchens/3h91syskeag572hl6tvuovwv4d/videos/train/P22/P22_113.MP4
P22_115,/share/project/galbot-Hotel-Model/ego-data/epic_kitchens/3h91syskeag572hl6tvuovwv4d/videos/train/P22/P22_115.MP4
P22_116,/share/project/galbot-Hotel-Model/ego-data/epic_kitchens/3h91syskeag572hl6tvuovwv4d/videos/train/P22/P22_116.MP4
P22_117,/share/project/galbot-Hotel-Model/ego-data/epic_kitchens/3h91syskeag572hl6tvuovwv4d/videos/train/P22/P22_117.MP4
P23_101,/share/project/galbot-Hotel-Model/ego-data/epic_kitchens/3h91syskeag572hl6tvuovwv4d/videos/train/P23/P23_101.MP4
P23_102,/share/project/galbot-Hotel-Model/ego-data/epic_kitchens/3h91syskeag572hl6tvuovwv4d/videos/train/P23/P23_102.MP4
P25_101,/share/project/galbot-Hotel-Model/ego-data/epic_kitchens/3h91syskeag572hl6tvuovwv4d/videos/train/P25/P25_101.MP4
P25_102,/share/project/galbot-Hotel-Model/ego-data/epic_kitchens/3h91syskeag572hl6tvuovwv4d/videos/train/P25/P25_102.MP4
P25_103,/share/project/galbot-Hotel-Model/ego-data/epic_kitchens/3h91syskeag572hl6tvuovwv4d/videos/train/P25/P25_103.MP4
P25_104,/share/project/galbot-Hotel-Model/ego-data/epic_kitchens/3h91syskeag572hl6tvuovwv4d/videos/train/P25/P25_104.MP4
P25_106,/share/project/galbot-Hotel-Model/ego-data/epic_kitchens/3h91syskeag572hl6tvuovwv4d/videos/train/P25/P25_106.MP4
P25_107,/share/project/galbot-Hotel-Model/ego-data/epic_kitchens/3h91syskeag572hl6tvuovwv4d/videos/train/P25/P25_107.MP4
P26_101,/share/project/galbot-Hotel-Model/ego-data/epic_kitchens/3h91syskeag572hl6tvuovwv4d/videos/train/P26/P26_101.MP4
P26_102,/share/project/galbot-Hotel-Model/ego-data/epic_kitchens/3h91syskeag572hl6tvuovwv4d/videos/train/P26/P26_102.MP4
P26_103,/share/project/galbot-Hotel-Model/ego-data/epic_kitchens/3h91syskeag572hl6tvuovwv4d/videos/train/P26/P26_103.MP4
P26_104,/share/project/galbot-Hotel-Model/ego-data/epic_kitchens/3h91syskeag572hl6tvuovwv4d/videos/train/P26/P26_104.MP4
P26_105,/share/project/galbot-Hotel-Model/ego-data/epic_kitchens/3h91syskeag572hl6tvuovwv4d/videos/train/P26/P26_105.MP4
P26_106,/share/project/galbot-Hotel-Model/ego-data/epic_kitchens/3h91syskeag572hl6tvuovwv4d/videos/train/P26/P26_106.MP4
P26_107,/share/project/galbot-Hotel-Model/ego-data/epic_kitchens/3h91syskeag572hl6tvuovwv4d/videos/train/P26/P26_107.MP4
P26_108,/share/project/galbot-Hotel-Model/ego-data/epic_kitchens/3h91syskeag572hl6tvuovwv4d/videos/train/P26/P26_108.MP4
P26_109,/share/project/galbot-Hotel-Model/ego-data/epic_kitchens/3h91syskeag572hl6tvuovwv4d/videos/train/P26/P26_109.MP4
P26_110,/share/project/galbot-Hotel-Model/ego-data/epic_kitchens/3h91syskeag572hl6tvuovwv4d/videos/train/P26/P26_110.MP4
P26_111,/share/project/galbot-Hotel-Model/ego-data/epic_kitchens/3h91syskeag572hl6tvuovwv4d/videos/train/P26/P26_111.MP4
P26_112,/share/project/galbot-Hotel-Model/ego-data/epic_kitchens/3h91syskeag572hl6tvuovwv4d/videos/train/P26/P26_112.MP4
P26_113,/share/project/galbot-Hotel-Model/ego-data/epic_kitchens/3h91syskeag572hl6tvuovwv4d/videos/train/P26/P26_113.MP4
P26_114,/share/project/galbot-Hotel-Model/ego-data/epic_kitchens/3h91syskeag572hl6tvuovwv4d/videos/train/P26/P26_114.MP4
P26_115,/share/project/galbot-Hotel-Model/ego-data/epic_kitchens/3h91syskeag572hl6tvuovwv4d/videos/train/P26/P26_115.MP4
P26_116,/share/project/galbot-Hotel-Model/ego-data/epic_kitchens/3h91syskeag572hl6tvuovwv4d/videos/train/P26/P26_116.MP4
P26_117,/share/project/galbot-Hotel-Model/ego-data/epic_kitchens/3h91syskeag572hl6tvuovwv4d/videos/train/P26/P26_117.MP4
P26_118,/share/project/galbot-Hotel-Model/ego-data/epic_kitchens/3h91syskeag572hl6tvuovwv4d/videos/train/P26/P26_118.MP4
P26_119,/share/project/galbot-Hotel-Model/ego-data/epic_kitchens/3h91syskeag572hl6tvuovwv4d/videos/train/P26/P26_119.MP4
P26_124,/share/project/galbot-Hotel-Model/ego-data/epic_kitchens/3h91syskeag572hl6tvuovwv4d/videos/train/P26/P26_124.MP4
P27_101,/share/project/galbot-Hotel-Model/ego-data/epic_kitchens/3h91syskeag572hl6tvuovwv4d/videos/train/P27/P27_101.MP4
P27_103,/share/project/galbot-Hotel-Model/ego-data/epic_kitchens/3h91syskeag572hl6tvuovwv4d/videos/train/P27/P27_103.MP4
P27_104,/share/project/galbot-Hotel-Model/ego-data/epic_kitchens/3h91syskeag572hl6tvuovwv4d/videos/train/P27/P27_104.MP4
P27_105,/share/project/galbot-Hotel-Model/ego-data/epic_kitchens/3h91syskeag572hl6tvuovwv4d/videos/train/P27/P27_105.MP4
P28_101,/share/project/galbot-Hotel-Model/ego-data/epic_kitchens/3h91syskeag572hl6tvuovwv4d/videos/train/P28/P28_101.MP4
P28_102,/share/project/galbot-Hotel-Model/ego-data/epic_kitchens/3h91syskeag572hl6tvuovwv4d/videos/train/P28/P28_102.MP4
P28_103,/share/project/galbot-Hotel-Model/ego-data/epic_kitchens/3h91syskeag572hl6tvuovwv4d/videos/train/P28/P28_103.MP4
P28_104,/share/project/galbot-Hotel-Model/ego-data/epic_kitchens/3h91syskeag572hl6tvuovwv4d/videos/train/P28/P28_104.MP4
P28_105,/share/project/galbot-Hotel-Model/ego-data/epic_kitchens/3h91syskeag572hl6tvuovwv4d/videos/train/P28/P28_105.MP4
P28_106,/share/project/galbot-Hotel-Model/ego-data/epic_kitchens/3h91syskeag572hl6tvuovwv4d/videos/train/P28/P28_106.MP4
P28_107,/share/project/galbot-Hotel-Model/ego-data/epic_kitchens/3h91syskeag572hl6tvuovwv4d/videos/train/P28/P28_107.MP4
P28_108,/share/project/galbot-Hotel-Model/ego-data/epic_kitchens/3h91syskeag572hl6tvuovwv4d/videos/train/P28/P28_108.MP4
P28_109,/share/project/galbot-Hotel-Model/ego-data/epic_kitchens/3h91syskeag572hl6tvuovwv4d/videos/train/P28/P28_109.MP4
P28_110,/share/project/galbot-Hotel-Model/ego-data/epic_kitchens/3h91syskeag572hl6tvuovwv4d/videos/train/P28/P28_110.MP4
P28_111,/share/project/galbot-Hotel-Model/ego-data/epic_kitchens/3h91syskeag572hl6tvuovwv4d/videos/train/P28/P28_111.MP4
P28_112,/share/project/galbot-Hotel-Model/ego-data/epic_kitchens/3h91syskeag572hl6tvuovwv4d/videos/train/P28/P28_112.MP4
P28_113,/share/project/galbot-Hotel-Model/ego-data/epic_kitchens/3h91syskeag572hl6tvuovwv4d/videos/train/P28/P28_113.MP4
P30_101,/share/project/galbot-Hotel-Model/ego-data/epic_kitchens/3h91syskeag572hl6tvuovwv4d/videos/train/P30/P30_101.MP4
P30_103,/share/project/galbot-Hotel-Model/ego-data/epic_kitchens/3h91syskeag572hl6tvuovwv4d/videos/train/P30/P30_103.MP4
P30_104,/share/project/galbot-Hotel-Model/ego-data/epic_kitchens/3h91syskeag572hl6tvuovwv4d/videos/train/P30/P30_104.MP4
P30_107,/share/project/galbot-Hotel-Model/ego-data/epic_kitchens/3h91syskeag572hl6tvuovwv4d/videos/train/P30/P30_107.MP4
P30_108,/share/project/galbot-Hotel-Model/ego-data/epic_kitchens/3h91syskeag572hl6tvuovwv4d/videos/train/P30/P30_108.MP4
P30_109,/share/project/galbot-Hotel-Model/ego-data/epic_kitchens/3h91syskeag572hl6tvuovwv4d/videos/train/P30/P30_109.MP4
P30_110,/share/project/galbot-Hotel-Model/ego-data/epic_kitchens/3h91syskeag572hl6tvuovwv4d/videos/train/P30/P30_110.MP4
P30_111,/share/project/galbot-Hotel-Model/ego-data/epic_kitchens/3h91syskeag572hl6tvuovwv4d/videos/train/P30/P30_111.MP4
P30_112,/share/project/galbot-Hotel-Model/ego-data/epic_kitchens/3h91syskeag572hl6tvuovwv4d/videos/train/P30/P30_112.MP4
P30_113,/share/project/galbot-Hotel-Model/ego-data/epic_kitchens/3h91syskeag572hl6tvuovwv4d/videos/train/P30/P30_113.MP4
P30_114,/share/project/galbot-Hotel-Model/ego-data/epic_kitchens/3h91syskeag572hl6tvuovwv4d/videos/train/P30/P30_114.MP4
P35_101,/share/project/galbot-Hotel-Model/ego-data/epic_kitchens/3h91syskeag572hl6tvuovwv4d/videos/train/P35/P35_101.MP4
P35_103,/share/project/galbot-Hotel-Model/ego-data/epic_kitchens/3h91syskeag572hl6tvuovwv4d/videos/train/P35/P35_103.MP4
P35_104,/share/project/galbot-Hotel-Model/ego-data/epic_kitchens/3h91syskeag572hl6tvuovwv4d/videos/train/P35/P35_104.MP4
P35_105,/share/project/galbot-Hotel-Model/ego-data/epic_kitchens/3h91syskeag572hl6tvuovwv4d/videos/train/P35/P35_105.MP4
P35_107,/share/project/galbot-Hotel-Model/ego-data/epic_kitchens/3h91syskeag572hl6tvuovwv4d/videos/train/P35/P35_107.MP4
P35_108,/share/project/galbot-Hotel-Model/ego-data/epic_kitchens/3h91syskeag572hl6tvuovwv4d/videos/train/P35/P35_108.MP4
P35_109,/share/project/galbot-Hotel-Model/ego-data/epic_kitchens/3h91syskeag572hl6tvuovwv4d/videos/train/P35/P35_109.MP4
P37_101,/share/project/galbot-Hotel-Model/ego-data/epic_kitchens/3h91syskeag572hl6tvuovwv4d/videos/train/P37/P37_101.MP4
P37_102,/share/project/galbot-Hotel-Model/ego-data/epic_kitchens/3h91syskeag572hl6tvuovwv4d/videos/train/P37/P37_102.MP4
P37_103,/share/project/galbot-Hotel-Model/ego-data/epic_kitchens/3h91syskeag572hl6tvuovwv4d/videos/train/P37/P37_103.MP4
